,time_period_start,time_period_end,time_open,time_close,rate_open,rate_high,rate_low,rate_close
0,2010-07-10T00:00:00.0000000Z,2010-07-20T00:00:00.0000000Z,2010-07-18T17:48:00.0000000Z,2010-07-19T21:02:00.0000000Z,0.037725324537843934,0.07735270406170264,0.025294956547277935,0.037749592121710515
1,2010-07-20T00:00:00.0000000Z,2010-07-30T00:00:00.0000000Z,2010-07-20T03:54:00.0000000Z,2010-07-29T23:07:00.0000000Z,0.05314053345651446,0.057517036843207026,0.028948748458403104,0.04307676036832412
2,2010-07-30T00:00:00.0000000Z,2010-08-09T00:00:00.0000000Z,2010-07-30T03:55:00.0000000Z,2010-08-08T22:24:00.0000000Z,0.04421933229953985,0.04788773388773388,0.029149990082644628,0.03992849404761904
3,2010-08-09T00:00:00.0000000Z,2010-08-19T00:00:00.0000000Z,2010-08-09T02:23:00.0000000Z,2010-08-18T23:43:00.0000000Z,0.03901148055359127,0.055052559215686275,0.0310347736,0.04204859446398239
4,2010-08-19T00:00:00.0000000Z,2010-08-29T00:00:00.0000000Z,2010-08-19T13:14:00.0000000Z,2010-08-28T22:08:00.0000000Z,0.04187491792985062,0.05485880833333333,0.031224489795918364,0.04166799290420679
5,2010-08-29T00:00:00.0000000Z,2010-09-08T00:00:00.0000000Z,2010-08-29T03:50:00.0000000Z,2010-09-07T23:31:00.0000000Z,0.04147409311478772,0.047711472602739724,0.014780321376146788,0.03893218548617504
6,2010-09-08T00:00:00.0000000Z,2010-09-18T00:00:00.0000000Z,2010-09-08T05:56:00.0000000Z,2010-09-17T22:42:00.0000000Z,0.03799752440944881,0.118528083132944,0.032359702253521125,0.03596151354838709
7,2010-09-18T00:00:00.0000000Z,2010-09-28T00:00:00.0000000Z,2010-09-18T02:49:00.0000000Z,2010-09-27T22:49:00.0000000Z,0.0375912908496732,0.04755412099999999,0.026974581939799333,0.03942048929663608
8,2010-09-28T00:00:00.0000000Z,2010-10-08T00:00:00.0000000Z,2010-09-28T02:43:00.0000000Z,2010-10-07T23:09:00.0000000Z,0.03863972612166254,0.04653059330993395,0.03200633,0.041973471455181204
9,2010-10-08T00:00:00.0000000Z,2010-10-18T00:00:00.0000000Z,2010-10-08T01:39:00.0000000Z,2010-10-17T20:51:00.0000000Z,0.04351768488745981,0.08929419210901993,0.005503485714285715,0.06715690720951627
10,2010-10-18T00:00:00.0000000Z,2010-10-28T00:00:00.0000000Z,2010-10-18T03:15:00.0000000Z,2010-10-27T23:15:00.0000000Z,0.06729773313816287,0.13371602021957577,0.04741578947368422,0.12198095361157771
11,2010-10-28T00:00:00.0000000Z,2010-11-07T00:00:00.0000000Z,2010-10-28T02:16:00.0000000Z,2010-11-06T23:56:00.0000000Z,0.12057478149100256,0.3523132557351113,0.07055555555555555,0.23969119587811427
12,2010-11-07T00:00:00.0000000Z,2010-11-17T00:00:00.0000000Z,2010-11-07T00:01:00.0000000Z,2010-11-16T23:17:00.0000000Z,0.30902043418690855,0.3346205879538462,0.08075362318840579,0.149538595810706
13,2010-11-17T00:00:00.0000000Z,2010-11-27T00:00:00.0000000Z,2010-11-17T03:54:00.0000000Z,2010-11-26T23:57:00.0000000Z,0.14780277375687112,0.2316316601766092,0.1120657442253521,0.18542125400051468
14,2010-11-27T00:00:00.0000000Z,2010-12-07T00:00:00.0000000Z,2010-11-27T08:55:00.0000000Z,2010-12-06T18:53:00.0000000Z,0.1865559633027523,0.261275724868421,0.10621382258064516,0.13335057536162723
15,2010-12-07T00:00:00.0000000Z,2010-12-17T00:00:00.0000000Z,2010-12-07T03:21:00.0000000Z,2010-12-16T22:31:00.0000000Z,0.1251907391618497,0.24096090789473687,0.09831998778135048,0.15945404016102768
16,2010-12-17T00:00:00.0000000Z,2010-12-27T00:00:00.0000000Z,2010-12-17T13:51:00.0000000Z,2010-12-26T20:22:00.0000000Z,0.15888191917996428,0.1870225224,0.11459478260869566,0.1708687623954225
17,2010-12-27T00:00:00.0000000Z,2011-01-06T00:00:00.0000000Z,2010-12-27T03:56:00.0000000Z,2011-01-05T19:40:00.0000000Z,0.16249047150377657,0.20897404615384615,0.15009746822033898,0.1930890945473251
18,2011-01-06T00:00:00.0000000Z,2011-01-16T00:00:00.0000000Z,2011-01-06T01:12:00.0000000Z,2011-01-15T22:25:00.0000000Z,0.19232883882954974,0.2680526902237088,0.17691024948024947,0.24694806538381958
19,2011-01-16T00:00:00.0000000Z,2011-01-26T00:00:00.0000000Z,2011-01-16T01:59:00.0000000Z,2011-01-25T22:44:00.0000000Z,0.2509493927125506,0.29702761764705876,0.18267114525139663,0.26373983050847455
20,2011-01-26T00:00:00.0000000Z,2011-02-05T00:00:00.0000000Z,2011-01-26T01:41:00.0000000Z,2011-02-04T23:59:00.0000000Z,0.2657839461041666,0.6286796498905908,0.23355013654618473,0.5170031913777245
21,2011-02-05T00:00:00.0000000Z,2011-02-15T00:00:00.0000000Z,2011-02-05T00:45:00.0000000Z,2011-02-14T23:24:00.0000000Z,0.534427610423212,0.7288540540540541,0.48758400503727506,0.6859322113914255
22,2011-02-15T00:00:00.0000000Z,2011-02-25T00:00:00.0000000Z,2011-02-15T00:30:00.0000000Z,2011-02-24T23:20:00.0000000Z,0.6491599379524301,0.7228893752620544,0.4861008066184074,0.6329420669331952
23,2011-02-25T00:00:00.0000000Z,2011-03-07T00:00:00.0000000Z,2011-02-25T02:52:00.0000000Z,2011-03-06T23:47:00.0000000Z,0.6208171444811261,0.674755390946502,0.48620937961595273,0.5473155737704918
24,2011-03-07T00:00:00.0000000Z,2011-03-17T00:00:00.0000000Z,2011-03-07T01:52:00.0000000Z,2011-03-16T23:52:00.0000000Z,0.5495835831304369,0.6006452540763242,0.5075913076923076,0.5280690904044408
25,2011-03-17T00:00:00.0000000Z,2011-03-27T00:00:00.0000000Z,2011-03-18T01:07:00.0000000Z,2011-03-26T23:11:00.0000000Z,0.5419164356435644,0.5967623762376237,0.4402973265461541,0.543005959624569
26,2011-03-27T00:00:00.0000000Z,2011-04-06T00:00:00.0000000Z,2011-03-27T00:18:00.0000000Z,2011-04-05T23:53:00.0000000Z,0.5323528655590926,0.587267620967742,0.35149451189898,0.46416150566413533
27,2011-04-06T00:00:00.0000000Z,2011-04-16T00:00:00.0000000Z,2011-04-06T00:36:00.0000000Z,2011-04-15T23:51:00.0000000Z,0.4877414062135922,0.7450875332038835,0.43801183252634573,0.6504979114894283
28,2011-04-16T00:00:00.0000000Z,2011-04-26T00:00:00.0000000Z,2011-04-16T00:04:00.0000000Z,2011-04-25T23:34:00.0000000Z,0.6500107142857142,1.3760978456014363,0.5932260332881355,1.0438806505582698
29,2011-04-26T00:00:00.0000000Z,2011-05-06T00:00:00.0000000Z,2011-04-26T00:08:00.0000000Z,2011-05-05T23:55:00.0000000Z,1.0359500478170942,2.892118196994991,0.9533789993166806,2.2019751455499414
30,2011-05-06T00:00:00.0000000Z,2011-05-16T00:00:00.0000000Z,2011-05-06T00:07:00.0000000Z,2011-05-15T23:58:00.0000000Z,2.1536167260303407,6.0782170542635665,2.0854245791101125,4.609656761014152
31,2011-05-16T00:00:00.0000000Z,2011-05-26T00:00:00.0000000Z,2011-05-16T00:01:00.0000000Z,2011-05-25T23:59:00.0000000Z,4.615400132205883,6.5803256302521,3.292724468292683,5.300865545891937
32,2011-05-26T00:00:00.0000000Z,2011-06-05T00:00:00.0000000Z,2011-05-26T00:01:00.0000000Z,2011-06-04T23:59:00.0000000Z,5.282487916360197,12.930934911242602,4.860436893203883,11.999336562369912
33,2011-06-05T00:00:00.0000000Z,2011-06-15T00:00:00.0000000Z,2011-06-05T00:01:00.0000000Z,2011-06-14T23:59:00.0000000Z,12.2129362355827,21.915633872502383,5.859703502919099,12.810876854325581
34,2011-06-15T00:00:00.0000000Z,2011-06-25T00:00:00.0000000Z,2011-06-15T00:02:00.0000000Z,2011-06-19T17:31:00.0000000Z,12.924056558139535,13.595384953463586,7.058192675159235,10.356506624000003
35,2011-06-25T00:00:00.0000000Z,2011-07-05T00:00:00.0000000Z,2011-06-26T17:34:00.0000000Z,2011-07-04T23:58:00.0000000Z,11.396446371193134,12.72797207303974,7.633547526266043,8.587319762892335
36,2011-07-05T00:00:00.0000000Z,2011-07-15T00:00:00.0000000Z,2011-07-05T00:02:00.0000000Z,2011-07-14T23:59:00.0000000Z,8.635153172445255,11.188478767123286,6.678024135129932,8.78368639031043
37,2011-07-15T00:00:00.0000000Z,2011-07-25T00:00:00.0000000Z,2011-07-15T00:02:00.0000000Z,2011-07-24T23:59:00.0000000Z,8.848072529465096,10.012295869356388,7.616607597998331,8.730045543881028
38,2011-07-25T00:00:00.0000000Z,2011-08-04T00:00:00.0000000Z,2011-07-25T00:01:00.0000000Z,2011-08-03T23:58:00.0000000Z,8.751016343697477,9.776067835757058,5.255285005210918,5.749991850040749
39,2011-08-04T00:00:00.0000000Z,2011-08-14T00:00:00.0000000Z,2011-08-04T00:05:00.0000000Z,2011-08-13T23:59:00.0000000Z,5.6233958265933355,8.237362699130433,3.580056051053731,6.361161172792363
40,2011-08-14T00:00:00.0000000Z,2011-08-24T00:00:00.0000000Z,2011-08-14T00:01:00.0000000Z,2011-08-23T23:59:00.0000000Z,6.483098460161565,8.05229959202176,5.752289415384615,6.786550097469176
41,2011-08-24T00:00:00.0000000Z,2011-09-03T00:00:00.0000000Z,2011-08-24T00:03:00.0000000Z,2011-09-02T23:58:00.0000000Z,6.83129668800916,7.479017210144928,4.635541805034965,5.4377628
42,2011-09-03T00:00:00.0000000Z,2011-09-13T00:00:00.0000000Z,2011-09-03T00:01:00.0000000Z,2011-09-12T23:58:00.0000000Z,5.3936407971822655,5.90068041631579,2.56753151937792,3.834426507311932
43,2011-09-13T00:00:00.0000000Z,2011-09-23T00:00:00.0000000Z,2011-09-13T00:02:00.0000000Z,2011-09-22T23:59:00.0000000Z,3.7324137931034485,4.621345558156098,2.6075930801687766,3.4371170533975244
44,2011-09-23T00:00:00.0000000Z,2011-10-03T00:00:00.0000000Z,2011-09-23T00:04:00.0000000Z,2011-10-02T23:56:00.0000000Z,3.44296992212617,4.037014868540344,2.829383644157624,3.202061741142858
45,2011-10-03T00:00:00.0000000Z,2011-10-13T00:00:00.0000000Z,2011-10-03T00:06:00.0000000Z,2011-10-12T23:58:00.0000000Z,3.166146844354841,4.131931818181818,2.3106418026115687,2.63204648041618
46,2011-10-13T00:00:00.0000000Z,2011-10-23T00:00:00.0000000Z,2011-10-13T00:06:00.0000000Z,2011-10-22T23:57:00.0000000Z,2.6137550705230335,2.7785899126666664,1.2529896907216496,2.000192934088059
47,2011-10-23T00:00:00.0000000Z,2011-11-02T00:00:00.0000000Z,2011-10-23T00:04:00.0000000Z,2011-11-01T23:58:00.0000000Z,1.9871084415949944,2.8453576982892694,1.4948432854984897,1.991522403354005
48,2011-11-02T00:00:00.0000000Z,2011-11-12T00:00:00.0000000Z,2011-11-02T00:02:00.0000000Z,2011-11-11T23:59:00.0000000Z,2.011795346969777,2.330724299065421,1.7158348504813792,1.9836239575435939
49,2011-11-12T00:00:00.0000000Z,2011-11-22T00:00:00.0000000Z,2011-11-12T00:01:00.0000000Z,2011-11-21T23:59:00.0000000Z,1.8916006831467058,2.242667889561271,1.22345900872307,1.4546562531914895
50,2011-11-22T00:00:00.0000000Z,2011-12-02T00:00:00.0000000Z,2011-11-22T00:01:00.0000000Z,2011-12-01T23:59:00.0000000Z,1.4366786844574726,9.957468535469108,1.3206924083769633,1.9735465718618765
51,2011-12-02T00:00:00.0000000Z,2011-12-12T00:00:00.0000000Z,2011-12-03T00:01:00.0000000Z,2011-12-11T23:58:00.0000000Z,1.9300019605490244,2.3371745283018863,1.5572902764705883,2.091763459339576
52,2011-12-12T00:00:00.0000000Z,2011-12-22T00:00:00.0000000Z,2011-12-12T00:03:00.0000000Z,2011-12-21T23:59:00.0000000Z,2.052719888873239,3.183387489845654,1.8010013138044894,2.4653327444000004
53,2011-12-22T00:00:00.0000000Z,2012-01-01T00:00:00.0000000Z,2011-12-22T00:02:00.0000000Z,2011-12-31T23:59:00.0000000Z,2.4491896,3.4312531186662305,2.2085477446163613,3.1532861308141387
54,2012-01-01T00:00:00.0000000Z,2012-01-11T00:00:00.0000000Z,2012-01-01T00:01:00.0000000Z,2012-01-10T23:59:00.0000000Z,3.0845935855739284,4.975254677101741,2.82680131725963,4.244268292682927
55,2012-01-11T00:00:00.0000000Z,2012-01-21T00:00:00.0000000Z,2012-01-11T00:02:00.0000000Z,2012-01-20T23:57:00.0000000Z,4.1213862435865884,5.477749430523917,2.9295468245127063,4.449416894964841
56,2012-01-21T00:00:00.0000000Z,2012-01-31T00:00:00.0000000Z,2012-01-21T00:02:00.0000000Z,2012-01-30T23:57:00.0000000Z,4.407494931299339,5.073868132307693,2.2433413296778615,3.6970217277910447
57,2012-01-31T00:00:00.0000000Z,2012-02-10T00:00:00.0000000Z,2012-01-31T00:04:00.0000000Z,2012-02-09T23:59:00.0000000Z,3.5216583038676093,4.7497455,2.188416137229987,3.8725626903696297
58,2012-02-10T00:00:00.0000000Z,2012-02-20T00:00:00.0000000Z,2012-02-10T00:01:00.0000000Z,2012-02-19T23:59:00.0000000Z,3.8449536398940745,456.2696603773585,1.7895038230756042,2.7925671534408956
59,2012-02-20T00:00:00.0000000Z,2012-03-01T00:00:00.0000000Z,2012-02-20T00:04:00.0000000Z,2012-02-29T23:59:00.0000000Z,2.781448330874823,4.237535630344552,2.3544940061214743,3.2740848000000002
60,2012-03-01T00:00:00.0000000Z,2012-03-11T00:00:00.0000000Z,2012-03-01T00:01:00.0000000Z,2012-03-10T23:52:00.0000000Z,3.3225269436997316,3.523080054200542,2.6719094887315795,3.125029730154502
61,2012-03-11T00:00:00.0000000Z,2012-03-21T00:00:00.0000000Z,2012-03-11T00:06:00.0000000Z,2012-03-20T23:59:00.0000000Z,3.1984543499424727,3.902631670746178,2.7782421428571427,3.297917639368755
62,2012-03-21T00:00:00.0000000Z,2012-03-31T00:00:00.0000000Z,2012-03-21T00:01:00.0000000Z,2012-03-30T23:59:00.0000000Z,3.2954342803738315,3.490368421052631,2.7471403236330083,3.295724581268657
63,2012-03-31T00:00:00.0000000Z,2012-04-10T00:00:00.0000000Z,2012-03-31T00:02:00.0000000Z,2012-04-09T23:59:00.0000000Z,3.2497882433804577,3.52244665945946,2.9083194168169153,3.152942437119305
64,2012-04-10T00:00:00.0000000Z,2012-04-20T00:00:00.0000000Z,2012-04-10T00:03:00.0000000Z,2012-04-19T23:58:00.0000000Z,3.1115374040506327,3.6362586327694926,2.887105469089644,3.3243682352941173
65,2012-04-20T00:00:00.0000000Z,2012-04-30T00:00:00.0000000Z,2012-04-20T00:01:00.0000000Z,2012-04-29T23:49:00.0000000Z,3.2768242665489153,4.2622222222222215,3.002233250620347,3.381639278956279
66,2012-04-30T00:00:00.0000000Z,2012-05-10T00:00:00.0000000Z,2012-04-30T00:02:00.0000000Z,2012-05-09T23:57:00.0000000Z,3.3793662814107175,3.8138322261443975,3.0465429405546125,3.294663381379041
67,2012-05-10T00:00:00.0000000Z,2012-05-20T00:00:00.0000000Z,2012-05-10T00:02:00.0000000Z,2012-05-19T23:46:00.0000000Z,3.3652013697596277,3.844946273950911,3.0003937007874018,3.5794266129663974
68,2012-05-20T00:00:00.0000000Z,2012-05-30T00:00:00.0000000Z,2012-05-20T00:01:00.0000000Z,2012-05-29T23:56:00.0000000Z,3.577047005016358,3.9650510020400813,3.140405194513873,3.698240141158052
69,2012-05-30T00:00:00.0000000Z,2012-06-09T00:00:00.0000000Z,2012-05-30T00:02:00.0000000Z,2012-06-08T23:58:00.0000000Z,3.6451948206616884,4.20249326602918,3.204845598320918,3.932702573642529
70,2012-06-09T00:00:00.0000000Z,2012-06-19T00:00:00.0000000Z,2012-06-09T00:02:00.0000000Z,2012-06-18T23:59:00.0000000Z,3.96641717087419,4.88296383004386,3.4196825916140865,4.557724221895973
71,2012-06-19T00:00:00.0000000Z,2012-06-29T00:00:00.0000000Z,2012-06-19T00:01:00.0000000Z,2012-06-28T23:58:00.0000000Z,4.553629357240223,5.251485148514851,3.6794667663233875,4.727720029448546
72,2012-06-29T00:00:00.0000000Z,2012-07-09T00:00:00.0000000Z,2012-06-29T00:04:00.0000000Z,2012-07-08T23:59:00.0000000Z,4.719049946477335,5.090901513944224,3.970078252725421,4.812467583056555
73,2012-07-09T00:00:00.0000000Z,2012-07-19T00:00:00.0000000Z,2012-07-09T00:02:00.0000000Z,2012-07-18T23:59:00.0000000Z,4.831774020807834,7.012051282051281,4.065721106770337,6.39743636859294
74,2012-07-19T00:00:00.0000000Z,2012-07-29T00:00:00.0000000Z,2012-07-19T00:01:00.0000000Z,2012-07-28T23:59:00.0000000Z,6.43519797545868,6.647932557205941,4.740527406788415,5.999827633711506
75,2012-07-29T00:00:00.0000000Z,2012-08-08T00:00:00.0000000Z,2012-07-29T00:01:00.0000000Z,2012-08-07T23:59:00.0000000Z,5.929403066439522,8.556303262331838,5.116247800277047,7.185296965657832
76,2012-08-08T00:00:00.0000000Z,2012-08-18T00:00:00.0000000Z,2012-08-08T00:17:00.0000000Z,2012-08-17T23:59:00.0000000Z,7.151405832678711,13.426273645546374,6.470514105102818,8.520729338356487
77,2012-08-18T00:00:00.0000000Z,2012-08-28T00:00:00.0000000Z,2012-08-18T00:01:00.0000000Z,2012-08-27T23:58:00.0000000Z,7.9318617563961675,9.54947225269529,4.2983307792207786,7.142718133851708
78,2012-08-28T00:00:00.0000000Z,2012-09-07T00:00:00.0000000Z,2012-08-28T00:02:00.0000000Z,2012-09-06T23:59:00.0000000Z,6.9639941925296736,8.768873401647445,5.730729550850332,7.276595713791911
79,2012-09-07T00:00:00.0000000Z,2012-09-17T00:00:00.0000000Z,2012-09-07T00:01:00.0000000Z,2012-09-16T23:59:00.0000000Z,7.228973771234427,8.827907356654043,6.205272382065137,7.766379784615384
80,2012-09-17T00:00:00.0000000Z,2012-09-27T00:00:00.0000000Z,2012-09-17T00:02:00.0000000Z,2012-09-26T23:59:00.0000000Z,7.847480488738314,11.036923076923078,6.688625020074653,7.976829471578595
81,2012-09-27T00:00:00.0000000Z,2012-10-07T00:00:00.0000000Z,2012-09-27T00:01:00.0000000Z,2012-10-06T23:58:00.0000000Z,7.82486264232785,9.643907932535171,6.740610899428456,8.114595716377924
82,2012-10-07T00:00:00.0000000Z,2012-10-17T00:00:00.0000000Z,2012-10-07T00:05:00.0000000Z,2012-10-16T23:58:00.0000000Z,8.143003644305493,9.306818181818182,5.774871841031542,7.496875510204081
83,2012-10-17T00:00:00.0000000Z,2012-10-27T00:00:00.0000000Z,2012-10-17T00:03:00.0000000Z,2012-10-26T23:59:00.0000000Z,7.7161186262063035,8.856427829268293,5.571780213618157,6.699408866995074
84,2012-10-27T00:00:00.0000000Z,2012-11-06T00:00:00.0000000Z,2012-10-27T00:01:00.0000000Z,2012-11-05T23:59:00.0000000Z,6.758266754012447,8.051242730569497,5.735030184369391,7.019995073998641
85,2012-11-06T00:00:00.0000000Z,2012-11-16T00:00:00.0000000Z,2012-11-06T00:01:00.0000000Z,2012-11-15T23:59:00.0000000Z,7.139620884238206,8.549999464674858,6.430091494026015,7.75264416893677
86,2012-11-16T00:00:00.0000000Z,2012-11-26T00:00:00.0000000Z,2012-11-16T00:01:00.0000000Z,2012-11-24T23:58:00.0000000Z,7.584780889023283,8.99694851736135,7.064219659286848,8.268480689245393
87,2012-11-26T00:00:00.0000000Z,2012-12-06T00:00:00.0000000Z,2012-11-26T00:01:00.0000000Z,2012-12-05T23:59:00.0000000Z,8.425143086631016,10.772315444980554,6.828511887242952,9.463512607875291
88,2012-12-06T00:00:00.0000000Z,2012-12-16T00:00:00.0000000Z,2012-12-06T00:01:00.0000000Z,2012-12-15T23:59:00.0000000Z,9.384614188679246,10.233056909299362,7.489737562831845,8.201246805404908
89,2012-12-16T00:00:00.0000000Z,2012-12-26T00:00:00.0000000Z,2012-12-16T00:01:00.0000000Z,2012-12-25T23:55:00.0000000Z,8.29588068282752,8.61816250487034,2.7169828029156267,3.8292235438120117
90,2012-12-26T00:00:00.0000000Z,2013-01-05T00:00:00.0000000Z,2012-12-26T00:10:00.0000000Z,2013-01-04T23:59:00.0000000Z,3.6430886146747326,4.427356280495168,1.3352706500857936,2.591134983085061
91,2013-01-05T00:00:00.0000000Z,2013-01-15T00:00:00.0000000Z,2013-01-05T00:01:00.0000000Z,2013-01-14T23:59:00.0000000Z,2.591134983085061,2.8190134198082353,2.5597034745715193,2.769901687755827
92,2013-01-15T00:00:00.0000000Z,2013-01-25T00:00:00.0000000Z,2013-01-15T00:01:00.0000000Z,2013-01-24T23:59:00.0000000Z,2.8091950023363177,3.7893400766985033,2.7266833635497076,3.3199511222735176
93,2013-01-25T00:00:00.0000000Z,2013-02-04T00:00:00.0000000Z,2013-01-25T00:01:00.0000000Z,2013-02-03T23:58:00.0000000Z,3.2924544457320146,4.26800596228249,3.120004531327216,3.985908173373456
94,2013-02-04T00:00:00.0000000Z,2013-02-14T00:00:00.0000000Z,2013-02-04T00:02:00.0000000Z,2013-02-13T23:59:00.0000000Z,4.04680475664916,5.229808119038185,3.9092938713716987,4.911173205240828
95,2013-02-14T00:00:00.0000000Z,2013-02-24T00:00:00.0000000Z,2013-02-14T00:01:00.0000000Z,2013-02-23T23:59:00.0000000Z,4.768945629217053,6.251723035826029,4.404340130459975,5.854116496177785
96,2013-02-24T00:00:00.0000000Z,2013-03-06T00:00:00.0000000Z,2013-02-24T00:02:00.0000000Z,2013-03-05T23:55:00.0000000Z,5.854116496177785,8.294773053675495,5.709479594838514,8.054324056594957
97,2013-03-06T00:00:00.0000000Z,2013-03-16T00:00:00.0000000Z,2013-03-06T00:01:00.0000000Z,2013-03-15T23:58:00.0000000Z,8.239612799282284,10.125530301902698,6.58097209502271,9.219254340878082
98,2013-03-16T00:00:00.0000000Z,2013-03-26T00:00:00.0000000Z,2013-03-16T00:15:00.0000000Z,2013-03-25T23:59:00.0000000Z,9.207467525185503,15.246246098349626,9.056203390464088,14.478138609049958
99,2013-03-26T00:00:00.0000000Z,2013-04-05T00:00:00.0000000Z,2013-03-26T00:01:00.0000000Z,2013-04-04T23:59:00.0000000Z,14.59600676597574,28.83251565332785,14.368719634506476,26.52033530830047
100,2013-04-05T00:00:00.0000000Z,2013-04-15T00:00:00.0000000Z,2013-04-05T00:02:00.0000000Z,2013-04-14T23:56:00.0000000Z,26.52033530830047,50.94654636188625,0.2082337439022111,17.898279629179672
101,2013-04-15T00:00:00.0000000Z,2013-04-25T00:00:00.0000000Z,2013-04-15T00:01:00.0000000Z,2013-04-24T23:59:00.0000000Z,18.031863540362224,31.625990972468838,9.88324495822664,29.467039231444968
102,2013-04-25T00:00:00.0000000Z,2013-05-05T00:00:00.0000000Z,2013-04-25T00:01:00.0000000Z,2013-05-04T23:59:00.0000000Z,29.467039231444968,31.41186382072033,16.0104246490851,22.12385305496888
103,2013-05-05T00:00:00.0000000Z,2013-05-15T00:00:00.0000000Z,2013-05-05T00:01:00.0000000Z,2013-05-14T23:59:00.0000000Z,22.17689372558548,24.343703343737733,19.403063099265463,21.037501541969608
104,2013-05-15T00:00:00.0000000Z,2013-05-25T00:00:00.0000000Z,2013-05-15T00:01:00.0000000Z,2013-05-24T23:59:00.0000000Z,21.019821318430743,25.524349382277627,20.03169326953629,25.270932844887202
105,2013-05-25T00:00:00.0000000Z,2013-06-04T00:00:00.0000000Z,2013-05-25T00:01:00.0000000Z,2013-06-03T23:59:00.0000000Z,25.28271966057978,26.33224782384444,22.890337721818117,24.188510270452124
106,2013-06-04T00:00:00.0000000Z,2013-06-14T00:00:00.0000000Z,2013-06-04T00:01:00.0000000Z,2013-06-13T23:59:00.0000000Z,24.210119432555185,25.452688959335074,17.68022353886698,20.037586677382578
107,2013-06-14T00:00:00.0000000Z,2013-06-24T00:00:00.0000000Z,2013-06-14T00:05:00.0000000Z,2013-06-23T23:58:00.0000000Z,20.01990645384371,22.017792018327743,17.68022353886698,19.725236061529262
108,2013-06-24T00:00:00.0000000Z,2013-07-04T00:00:00.0000000Z,2013-06-24T00:02:00.0000000Z,2013-07-03T23:59:00.0000000Z,19.723271592247166,177.00337558820183,7.368601958350829,15.128377941423844
109,2013-07-04T00:00:00.0000000Z,2013-07-14T00:00:00.0000000Z,2013-07-04T00:01:00.0000000Z,2013-07-13T23:59:00.0000000Z,15.191240958450928,19.640763882399117,10.805048782311273,18.00632543969497
110,2013-07-14T00:00:00.0000000Z,2013-07-24T00:00:00.0000000Z,2013-07-14T00:01:00.0000000Z,2013-07-23T23:59:00.0000000Z,18.00828990897707,19.528789133319627,15.322860400351383,17.06534465357083
111,2013-07-24T00:00:00.0000000Z,2013-08-03T00:00:00.0000000Z,2013-07-24T00:01:00.0000000Z,2013-08-02T23:59:00.0000000Z,17.067309122852926,21.20644393576061,16.52357340081026,18.827473599611235
112,2013-08-03T00:00:00.0000000Z,2013-08-13T00:00:00.0000000Z,2013-08-03T00:01:00.0000000Z,2013-08-12T23:57:00.0000000Z,18.829438068893335,21.059108739603385,16.89443582602845,18.733179074070613
113,2013-08-13T00:00:00.0000000Z,2013-08-23T00:00:00.0000000Z,2013-08-13T00:01:00.0000000Z,2013-08-22T23:58:00.0000000Z,18.735143543352713,24.44779860652674,17.189106218342896,21.55219249387885
114,2013-08-23T00:00:00.0000000Z,2013-09-02T00:00:00.0000000Z,2013-08-23T00:01:00.0000000Z,2013-09-01T23:57:00.0000000Z,21.53451227033998,27.207897592564905,20.217663028241407,25.669720109152756
115,2013-09-02T00:00:00.0000000Z,2013-09-12T00:00:00.0000000Z,2013-09-02T00:01:00.0000000Z,2013-09-11T23:59:00.0000000Z,25.66579117058857,28.288355697717886,21.779985518894105,25.046983346728222
116,2013-09-12T00:00:00.0000000Z,2013-09-22T00:00:00.0000000Z,2013-09-12T00:01:00.0000000Z,2013-09-21T23:58:00.0000000Z,25.054841223856606,27.991923176457394,23.907591163112347,24.241550941068727
117,2013-09-22T00:00:00.0000000Z,2013-10-02T00:00:00.0000000Z,2013-09-22T00:25:00.0000000Z,2013-10-01T23:59:00.0000000Z,24.216012840401472,28.632137822084744,21.70172871844638,25.054841223856606
118,2013-10-02T00:00:00.0000000Z,2013-10-12T00:00:00.0000000Z,2013-10-02T00:01:00.0000000Z,2013-10-11T23:58:00.0000000Z,25.007693961086293,27.797240341663088,16.697988897818814,25.02930312318935
119,2013-10-12T00:00:00.0000000Z,2013-10-22T00:00:00.0000000Z,2013-10-12T00:02:00.0000000Z,2013-10-21T23:59:00.0000000Z,27.523200805749212,35.739589649178555,24.76213530082425,35.37026942414444
120,2013-10-22T00:00:00.0000000Z,2013-11-01T00:00:00.0000000Z,2013-10-22T00:02:00.0000000Z,2013-10-31T23:59:00.0000000Z,37.90146844943275,42.334509476104145,30.80336153325531,39.7824674317328
121,2013-11-01T00:00:00.0000000Z,2013-11-11T00:00:00.0000000Z,2013-11-02T00:01:00.0000000Z,2013-11-10T23:59:00.0000000Z,39.93373156645421,71.43399650486887,39.55066005644543,63.845251668130764
122,2013-11-11T00:00:00.0000000Z,2013-11-21T00:00:00.0000000Z,2013-11-11T00:01:00.0000000Z,2013-11-20T23:59:00.0000000Z,62.62335177466685,147.33519615722483,61.100888081042186,117.84851223295891
123,2013-11-21T00:00:00.0000000Z,2013-12-01T00:00:00.0000000Z,2013-11-21T00:01:00.0000000Z,2013-11-30T23:59:00.0000000Z,118.45160430256249,228.46777750780333,115.11789993084498,219.98127020914717
124,2013-12-01T00:00:00.0000000Z,2013-12-11T00:00:00.0000000Z,2013-12-01T00:01:00.0000000Z,2013-12-10T23:59:00.0000000Z,219.92626506924847,226.2852521353943,106.7689054819356,192.51798964544042
125,2013-12-11T00:00:00.0000000Z,2013-12-21T00:00:00.0000000Z,2013-12-11T00:01:00.0000000Z,2013-12-20T23:59:00.0000000Z,192.71443657365006,194.0895650711175,75.82851428891837,119.63617927966656
126,2013-12-21T00:00:00.0000000Z,2013-12-31T00:00:00.0000000Z,2013-12-21T00:01:00.0000000Z,2013-12-30T23:59:00.0000000Z,119.2432854232473,150.14831616918678,111.78026662056334,144.6831626263948
127,2013-12-31T00:00:00.0000000Z,2014-01-10T00:00:00.0000000Z,2013-12-31T00:01:00.0000000Z,2014-01-09T23:59:00.0000000Z,144.58493916228997,185.249453301684,139.5460754537129,162.37124404239015
128,2014-01-10T00:00:00.0000000Z,2014-01-20T00:00:00.0000000Z,2014-01-10T00:01:00.0000000Z,2014-01-19T23:59:00.0000000Z,162.021568510177,178.09922687088923,150.29428582986077,165.31009008840624
129,2014-01-20T00:00:00.0000000Z,2014-01-30T00:00:00.0000000Z,2014-01-20T00:01:00.0000000Z,2014-01-29T23:59:00.0000000Z,165.31009008840624,190.74996532708445,143.00999890440085,156.0142214455264
130,2014-01-30T00:00:00.0000000Z,2014-02-09T00:00:00.0000000Z,2014-01-30T00:01:00.0000000Z,2014-02-08T23:59:00.0000000Z,156.0299371997832,162.72790950991347,123.57953327437016,133.68603462322298
131,2014-02-09T00:00:00.0000000Z,2014-02-19T00:00:00.0000000Z,2014-02-09T00:01:00.0000000Z,2014-02-18T23:59:00.0000000Z,133.2794184438256,143.40625759303217,105.17240300462453,123.30973683718669
132,2014-02-19T00:00:00.0000000Z,2014-03-01T00:00:00.0000000Z,2014-02-19T00:01:00.0000000Z,2014-02-28T23:59:00.0000000Z,427.03364851615663,519.3963259492293,260.88389278783774,442.2382798997247
133,2014-03-01T00:00:00.0000000Z,2014-03-11T00:00:00.0000000Z,2014-03-01T00:01:00.0000000Z,2014-03-10T23:58:00.0000000Z,386.09384851836546,499.72472405205104,334.8905759699186,418.12200309492255
134,2014-03-11T00:00:00.0000000Z,2014-03-21T00:00:00.0000000Z,2014-03-11T00:01:00.0000000Z,2014-03-20T23:55:00.0000000Z,414.58452928651667,453.69590358979667,360.62815461588076,371.3047985430438
135,2014-03-21T00:00:00.0000000Z,2014-03-31T00:00:00.0000000Z,2014-03-21T00:01:00.0000000Z,2014-03-30T23:59:00.0000000Z,372.58874157681936,401.1848316148503,274.06424883340213,299.1966797530469
136,2014-03-31T00:00:00.0000000Z,2014-04-10T00:00:00.0000000Z,2014-03-31T00:02:00.0000000Z,2014-04-09T23:59:00.0000000Z,292.4862177868635,344.17853219405777,263.437388527106,286.5551581188872
137,2014-04-10T00:00:00.0000000Z,2014-04-20T00:00:00.0000000Z,2014-04-10T00:01:00.0000000Z,2014-04-19T23:58:00.0000000Z,289.0724625750847,448.72571405902187,217.60884373041108,324.02052267595053
138,2014-04-20T00:00:00.0000000Z,2014-04-30T00:00:00.0000000Z,2014-04-20T00:01:00.0000000Z,2014-04-29T23:58:00.0000000Z,324.14659980493667,339.0390257370203,264.8598197770927,285.00505651796675
139,2014-04-30T00:00:00.0000000Z,2014-05-10T00:00:00.0000000Z,2014-04-30T00:01:00.0000000Z,2014-05-09T23:58:00.0000000Z,284.1696053290068,312.723208402771,259.23535314810977,291.04941307901674
140,2014-05-10T00:00:00.0000000Z,2014-05-20T00:00:00.0000000Z,2014-05-10T00:01:00.0000000Z,2014-05-19T23:59:00.0000000Z,286.5520437124041,323.9166489936477,258.5564144582022,288.2712443718853
141,2014-05-20T00:00:00.0000000Z,2014-05-30T00:00:00.0000000Z,2014-05-20T00:01:00.0000000Z,2014-05-29T23:59:00.0000000Z,289.2942455233325,391.71417707795894,281.3825964850785,369.53883689721044
142,2014-05-30T00:00:00.0000000Z,2014-06-09T00:00:00.0000000Z,2014-05-30T00:02:00.0000000Z,2014-06-08T23:59:00.0000000Z,367.0309066017341,478.9924831847846,361.7785509448495,422.1839652397166
143,2014-06-09T00:00:00.0000000Z,2014-06-19T00:00:00.0000000Z,2014-06-09T00:01:00.0000000Z,2014-06-18T23:56:00.0000000Z,422.06174054408865,436.68997044084466,334.52775802416176,392.92974625990087
144,2014-06-19T00:00:00.0000000Z,2014-06-29T00:00:00.0000000Z,2014-06-19T00:01:00.0000000Z,2014-06-28T23:59:00.0000000Z,391.0693500366361,482.82182438364856,299.7083908518126,375.7897740879129
145,2014-06-29T00:00:00.0000000Z,2014-07-09T00:00:00.0000000Z,2014-06-29T00:01:00.0000000Z,2014-07-08T23:59:00.0000000Z,375.9894600345795,478.09471160931395,323.55779400600517,405.6927657818649
146,2014-07-09T00:00:00.0000000Z,2014-07-19T00:00:00.0000000Z,2014-07-09T00:01:00.0000000Z,2014-07-18T23:59:00.0000000Z,407.61831933614894,433.62195544425145,332.52151826013323,411.78434538576334
147,2014-07-19T00:00:00.0000000Z,2014-07-29T00:00:00.0000000Z,2014-07-19T00:01:00.0000000Z,2014-07-28T23:59:00.0000000Z,412.9430858316216,510.4253960489453,367.02751723838844,384.66113614317896
148,2014-07-29T00:00:00.0000000Z,2014-08-08T00:00:00.0000000Z,2014-07-29T00:01:00.0000000Z,2014-08-07T23:56:00.0000000Z,382.5322838931413,431.937357557051,142.71181893933516,382.56031894482163
149,2014-08-08T00:00:00.0000000Z,2014-08-18T00:00:00.0000000Z,2014-08-08T00:01:00.0000000Z,2014-08-17T23:59:00.0000000Z,382.5031440351391,394.6992421666247,311.4800721860189,324.1266409322219
150,2014-08-18T00:00:00.0000000Z,2014-08-28T00:00:00.0000000Z,2014-08-18T00:01:00.0000000Z,2014-08-27T23:58:00.0000000Z,324.6774955545393,362.2700883443562,277.4294703007716,334.28640188786284
151,2014-08-28T00:00:00.0000000Z,2014-09-07T00:00:00.0000000Z,2014-08-28T00:01:00.0000000Z,2014-09-06T23:59:00.0000000Z,332.037219583475,641.6944622668636,293.49083492939184,315.00016699824084
152,2014-09-07T00:00:00.0000000Z,2014-09-17T00:00:00.0000000Z,2014-09-07T00:01:00.0000000Z,2014-09-16T23:57:00.0000000Z,315.45806615770147,354.9284333910462,113.47144688455249,304.99651951219437
153,2014-09-17T00:00:00.0000000Z,2014-09-27T00:00:00.0000000Z,2014-09-17T00:01:00.0000000Z,2014-09-26T23:57:00.0000000Z,302.06729583445974,348.5709141460212,232.15102959687283,264.72252202607064
154,2014-09-27T00:00:00.0000000Z,2014-10-07T00:00:00.0000000Z,2014-09-27T00:01:00.0000000Z,2014-10-06T23:59:00.0000000Z,267.3097143474733,279.87722386319126,173.1899002926623,215.457862912148
155,2014-10-07T00:00:00.0000000Z,2014-10-17T00:00:00.0000000Z,2014-10-07T00:01:00.0000000Z,2014-10-16T23:59:00.0000000Z,216.74092341569832,283.8059535797692,198.10166868881092,253.42553180323577
156,2014-10-17T00:00:00.0000000Z,2014-10-27T00:00:00.0000000Z,2014-10-17T00:01:00.0000000Z,2014-10-26T23:59:00.0000000Z,254.26104755717722,274.9187731678786,217.91592284744993,237.22673355028147
157,2014-10-27T00:00:00.0000000Z,2014-11-06T00:00:00.0000000Z,2014-10-27T00:01:00.0000000Z,2014-11-05T23:59:00.0000000Z,235.98520149169394,249.8807856565195,209.1965322240052,228.13506800855694
158,2014-11-06T00:00:00.0000000Z,2014-11-16T00:00:00.0000000Z,2014-11-06T00:01:00.0000000Z,2014-11-15T23:59:00.0000000Z,227.89061267169356,316.28739368551464,225.84725463185163,260.84649005730193
159,2014-11-16T00:00:00.0000000Z,2014-11-26T00:00:00.0000000Z,2014-11-16T00:01:00.0000000Z,2014-11-25T23:59:00.0000000Z,259.82007956123425,305.0150704696318,231.33171391722803,266.42624605310556
160,2014-11-26T00:00:00.0000000Z,2014-12-06T00:00:00.0000000Z,2014-11-26T00:01:00.0000000Z,2014-12-05T23:54:00.0000000Z,268.1114674778396,289.89633155248816,242.35752663018062,265.0553489195384
161,2014-12-06T00:00:00.0000000Z,2014-12-16T00:00:00.0000000Z,2014-12-06T00:01:00.0000000Z,2014-12-15T23:59:00.0000000Z,264.83851123120064,287.6796341955545,228.14726139633385,241.66023913650884
162,2014-12-16T00:00:00.0000000Z,2014-12-26T00:00:00.0000000Z,2014-12-16T00:01:00.0000000Z,2014-12-25T23:58:00.0000000Z,242.20604665526082,248.0939107533063,191.98375800493784,223.91156132033692
163,2014-12-26T00:00:00.0000000Z,2015-01-05T00:00:00.0000000Z,2014-12-26T00:01:00.0000000Z,2015-01-04T23:59:00.0000000Z,223.97641543002413,291.20065554693707,157.66306752234811,191.41301780297417
164,2015-01-05T00:00:00.0000000Z,2015-01-15T00:00:00.0000000Z,2015-01-05T00:01:00.0000000Z,2015-01-14T23:59:00.0000000Z,191.66467832257604,233.17373137340806,104.3346658272514,121.86608665086474
165,2015-01-15T00:00:00.0000000Z,2015-01-25T00:00:00.0000000Z,2015-01-15T00:01:00.0000000Z,2015-01-24T23:59:00.0000000Z,121.12672817623825,179.87616110573902,115.46904222046619,172.96611635282142
166,2015-01-25T00:00:00.0000000Z,2015-02-04T00:00:00.0000000Z,2015-01-25T00:01:00.0000000Z,2015-02-03T23:59:00.0000000Z,172.76011370604493,219.72097391799517,145.3593970537942,160.1318905620048
167,2015-02-04T00:00:00.0000000Z,2015-02-14T00:00:00.0000000Z,2015-02-04T00:01:00.0000000Z,2015-02-13T23:59:00.0000000Z,159.51522795120448,173.3535320911688,148.81545933173595,167.43810743480233
168,2015-02-14T00:00:00.0000000Z,2015-02-24T00:00:00.0000000Z,2015-02-14T00:01:00.0000000Z,2015-02-23T23:59:00.0000000Z,169.136937428698,194.75952300138732,158.38888384602856,172.96022619139077
169,2015-02-24T00:00:00.0000000Z,2015-03-06T00:00:00.0000000Z,2015-02-24T00:01:00.0000000Z,2015-03-05T23:59:00.0000000Z,173.44040030615423,215.86234931547244,159.28285267445187,188.9924534513071
170,2015-03-06T00:00:00.0000000Z,2015-03-16T00:00:00.0000000Z,2015-03-06T00:01:00.0000000Z,2015-03-15T23:59:00.0000000Z,189.18436332792098,212.3531521541695,183.06978924819973,201.98506155420975
171,2015-03-16T00:00:00.0000000Z,2015-03-26T00:00:00.0000000Z,2015-03-16T00:01:00.0000000Z,2015-03-25T23:59:00.0000000Z,203.05740173849472,215.1771208881962,161.64810361044812,170.1895557490387
172,2015-03-26T00:00:00.0000000Z,2015-04-05T00:00:00.0000000Z,2015-03-26T00:01:00.0000000Z,2015-04-04T23:59:00.0000000Z,170.26290873845022,179.26999101748547,159.56797134720125,173.4778280461707
173,2015-04-05T00:00:00.0000000Z,2015-04-15T00:00:00.0000000Z,2015-04-05T00:01:00.0000000Z,2015-04-14T23:59:00.0000000Z,174.22911944555372,186.09717216144844,142.74604391159517,150.24297305550618
174,2015-04-15T00:00:00.0000000Z,2015-04-25T00:00:00.0000000Z,2015-04-15T00:01:00.0000000Z,2015-04-24T23:59:00.0000000Z,149.93913900203032,174.13425944353838,148.20422513601594,163.11236882849204
175,2015-04-25T00:00:00.0000000Z,2015-05-05T00:00:00.0000000Z,2015-04-25T00:01:00.0000000Z,2015-05-04T23:59:00.0000000Z,163.46003980871896,311.7340135895905,137.47427752154456,180.50163467925944
176,2015-05-05T00:00:00.0000000Z,2015-05-15T00:00:00.0000000Z,2015-05-05T00:01:00.0000000Z,2015-05-14T23:59:00.0000000Z,181.54105454927827,199.52371995837953,167.42634453790205,187.29585163500917
177,2015-05-15T00:00:00.0000000Z,2015-05-25T00:00:00.0000000Z,2015-05-15T00:01:00.0000000Z,2015-05-24T23:59:00.0000000Z,187.4883269306516,195.03720510431214,172.25990605391894,183.5449179980753
178,2015-05-25T00:00:00.0000000Z,2015-06-04T00:00:00.0000000Z,2015-05-25T00:01:00.0000000Z,2015-06-03T23:59:00.0000000Z,184.08267582724295,188.3369777089265,165.77877514341532,172.2694151141088
179,2015-06-04T00:00:00.0000000Z,2015-06-14T00:00:00.0000000Z,2015-06-04T00:01:00.0000000Z,2015-06-13T23:59:00.0000000Z,172.2950977016745,188.87506246691618,159.5819673483265,180.1538000431879
180,2015-06-14T00:00:00.0000000Z,2015-06-24T00:00:00.0000000Z,2015-06-14T00:01:00.0000000Z,2015-06-23T23:59:00.0000000Z,179.93022172408823,208.36650696264363,174.32151558677043,189.11934551410286
181,2015-06-24T00:00:00.0000000Z,2015-07-04T00:00:00.0000000Z,2015-06-24T00:01:00.0000000Z,2015-07-03T23:59:00.0000000Z,189.7010058067868,208.98981942022039,179.76648983060434,195.80559118581246
182,2015-07-04T00:00:00.0000000Z,2015-07-14T00:00:00.0000000Z,2015-07-04T00:01:00.0000000Z,2015-07-13T23:59:00.0000000Z,196.06834478387182,245.39517713622251,188.9240781513488,222.01333623754653
183,2015-07-14T00:00:00.0000000Z,2015-07-24T00:00:00.0000000Z,2015-07-14T00:01:00.0000000Z,2015-07-23T23:59:00.0000000Z,221.77146707891816,229.46629193930505,201.79391141050127,210.49897377894314
184,2015-07-24T00:00:00.0000000Z,2015-08-03T00:00:00.0000000Z,2015-07-24T00:01:00.0000000Z,2015-08-02T23:59:00.0000000Z,210.656909435371,234.88948371204552,209.38885715065945,219.88511548133073
185,2015-08-03T00:00:00.0000000Z,2015-08-13T00:00:00.0000000Z,2015-08-03T00:01:00.0000000Z,2015-08-12T23:59:00.0000000Z,220.25028448047158,227.2334195530034,198.78975889637286,211.97742921137612
186,2015-08-13T00:00:00.0000000Z,2015-08-23T00:00:00.0000000Z,2015-08-13T00:01:00.0000000Z,2015-08-22T23:59:00.0000000Z,211.65602664666307,222.61567762633678,169.88014018134447,191.44504089803067
187,2015-08-23T00:00:00.0000000Z,2015-09-02T00:00:00.0000000Z,2015-08-23T00:01:00.0000000Z,2015-09-01T23:59:00.0000000Z,191.02744712822363,210.98425202193624,160.46613769901114,189.02725137009008
188,2015-09-02T00:00:00.0000000Z,2015-09-12T00:00:00.0000000Z,2015-09-02T00:01:00.0000000Z,2015-09-10T23:59:00.0000000Z,188.69991308735837,214.9829090345204,177.5257542585656,194.26080632392626
189,2015-09-12T00:00:00.0000000Z,2015-09-22T00:00:00.0000000Z,2015-09-12T00:01:00.0000000Z,2015-09-21T23:59:00.0000000Z,194.4708372388659,215.64475275543535,178.11700657056497,183.0768626544209
190,2015-09-22T00:00:00.0000000Z,2015-10-02T00:00:00.0000000Z,2015-09-22T00:01:00.0000000Z,2015-10-01T23:59:00.0000000Z,183.2802601278124,202.23225872470613,175.94613129428646,193.66286890341047
191,2015-10-02T00:00:00.0000000Z,2015-10-12T00:00:00.0000000Z,2015-10-02T00:01:00.0000000Z,2015-10-11T23:59:00.0000000Z,194.82310419956548,214.4648743165122,184.51606574728373,198.22902521188732
192,2015-10-12T00:00:00.0000000Z,2015-10-22T00:00:00.0000000Z,2015-10-12T00:01:00.0000000Z,2015-10-20T23:59:00.0000000Z,198.05928413681983,226.36233522688894,188.71805500667688,217.18140331306194
193,2015-10-22T00:00:00.0000000Z,2015-11-01T00:00:00.0000000Z,2015-10-22T00:01:00.0000000Z,2015-10-31T23:59:00.0000000Z,212.61915781378343,282.54108094265456,212.27963412888369,259.2125788012739
194,2015-11-01T00:00:00.0000000Z,2015-11-11T00:00:00.0000000Z,2015-11-01T00:01:00.0000000Z,2015-11-10T23:59:00.0000000Z,255.18888788787478,429.65501110765365,244.0596679512131,273.55297016948236
195,2015-11-11T00:00:00.0000000Z,2015-11-21T00:00:00.0000000Z,2015-11-11T00:01:00.0000000Z,2015-11-20T23:59:00.0000000Z,273.7605061443454,303.8401516855501,235.90007334863157,265.380244666854
196,2015-11-21T00:00:00.0000000Z,2015-12-01T00:00:00.0000000Z,2015-11-21T00:01:00.0000000Z,2015-11-30T23:59:00.0000000Z,266.42325948766904,342.0075555008236,249.95966389920568,302.66776478110086
197,2015-12-01T00:00:00.0000000Z,2015-12-11T00:00:00.0000000Z,2015-12-01T00:01:00.0000000Z,2015-12-10T23:59:00.0000000Z,302.53197750531103,343.71348680636737,272.8920314879972,332.3448480542667
198,2015-12-11T00:00:00.0000000Z,2015-12-21T00:00:00.0000000Z,2015-12-11T00:01:00.0000000Z,2015-12-20T23:59:00.0000000Z,332.1321000027279,389.7615483422748,318.4014707771587,357.5615688653392
199,2015-12-21T00:00:00.0000000Z,2015-12-31T00:00:00.0000000Z,2015-12-21T00:01:00.0000000Z,2015-12-30T23:59:00.0000000Z,358.0628966187619,377.59848033382735,321.1718874031799,343.96328199060457
200,2015-12-31T00:00:00.0000000Z,2016-01-10T00:00:00.0000000Z,2015-12-31T00:01:00.0000000Z,2016-01-09T23:59:00.0000000Z,343.2662291372705,391.24898038818833,323.75516587933487,366.3054670429203
201,2016-01-10T00:00:00.0000000Z,2016-01-20T00:00:00.0000000Z,2016-01-10T00:01:00.0000000Z,2016-01-19T23:59:00.0000000Z,368.37835246524617,395.2089586042717,55.592354029692004,311.10507156816556
202,2016-01-20T00:00:00.0000000Z,2016-01-30T00:00:00.0000000Z,2016-01-20T00:01:00.0000000Z,2016-01-29T23:59:00.0000000Z,323.6588897330178,364.67950895638256,261.71590704905213,304.1798936399635
203,2016-01-30T00:00:00.0000000Z,2016-02-09T00:00:00.0000000Z,2016-01-30T00:01:00.0000000Z,2016-02-08T23:59:00.0000000Z,315.65900182674505,339.4600048636078,271.0127016265124,298.02331002891697
204,2016-02-09T00:00:00.0000000Z,2016-02-19T00:00:00.0000000Z,2016-02-09T00:01:00.0000000Z,2016-02-18T23:59:00.0000000Z,298.6059827573726,1014.3654042957243,276.09689914464946,341.229613702917
205,2016-02-19T00:00:00.0000000Z,2016-02-29T00:00:00.0000000Z,2016-02-19T00:01:00.0000000Z,2016-02-28T23:59:00.0000000Z,349.890809399258,415.47812715522446,0.09992761254155716,339.3407072878641
206,2016-02-29T00:00:00.0000000Z,2016-03-10T00:00:00.0000000Z,2016-02-29T00:01:00.0000000Z,2016-03-09T23:59:00.0000000Z,355.0029761379974,365.9016352753424,234.68280706063837,323.81134848861524
207,2016-03-10T00:00:00.0000000Z,2016-03-20T00:00:00.0000000Z,2016-03-10T00:01:00.0000000Z,2016-03-19T23:59:00.0000000Z,330.44184842225604,350.4393089024118,289.8660993001801,320.6232092628805
208,2016-03-20T00:00:00.0000000Z,2016-03-30T00:00:00.0000000Z,2016-03-20T00:01:00.0000000Z,2016-03-29T23:59:00.0000000Z,319.3970988453507,352.8473991973734,276.9644175215972,320.54728007010976
209,2016-03-30T00:00:00.0000000Z,2016-04-09T00:00:00.0000000Z,2016-03-30T00:01:00.0000000Z,2016-04-08T23:59:00.0000000Z,320.437019611456,379.976052865517,270.32445705625236,325.47430192073205
210,2016-04-09T00:00:00.0000000Z,2016-04-19T00:00:00.0000000Z,2016-04-09T00:01:00.0000000Z,2016-04-18T23:59:00.0000000Z,335.8501569158629,363.8335012545439,298.2923578383547,337.3696735976933
211,2016-04-19T00:00:00.0000000Z,2016-04-29T00:00:00.0000000Z,2016-04-19T00:01:00.0000000Z,2016-04-28T23:59:00.0000000Z,336.9597908915099,398.8229283960526,314.02458152875454,356.2087993897747
212,2016-04-29T00:00:00.0000000Z,2016-05-09T00:00:00.0000000Z,2016-04-29T00:01:00.0000000Z,2016-05-08T23:59:00.0000000Z,378.10687205654983,391.87087936358716,279.6751050088696,357.25649438079904
213,2016-05-09T00:00:00.0000000Z,2016-05-19T00:00:00.0000000Z,2016-05-09T00:01:00.0000000Z,2016-05-18T23:59:00.0000000Z,357.38182595300043,396.5324129952817,323.1543017583384,352.94528617833083
214,2016-05-19T00:00:00.0000000Z,2016-05-29T00:00:00.0000000Z,2016-05-19T00:01:00.0000000Z,2016-05-28T23:59:00.0000000Z,353.5297425974537,446.306198174131,313.4237319005306,407.086971657348
215,2016-05-29T00:00:00.0000000Z,2016-06-08T00:00:00.0000000Z,2016-05-29T00:01:00.0000000Z,2016-06-07T23:59:00.0000000Z,403.90298882674944,492.0447065877603,371.05763010721745,445.07062807376053
216,2016-06-08T00:00:00.0000000Z,2016-06-18T00:00:00.0000000Z,2016-06-08T00:01:00.0000000Z,2016-06-17T23:59:00.0000000Z,442.8689809450584,632.3759694164355,425.4581741044944,580.8324567653033
217,2016-06-18T00:00:00.0000000Z,2016-06-28T00:00:00.0000000Z,2016-06-18T00:01:00.0000000Z,2016-06-27T23:59:00.0000000Z,579.3348237067636,634.9943528022983,231.9823689609536,516.6264995543029
218,2016-06-28T00:00:00.0000000Z,2016-07-08T00:00:00.0000000Z,2016-06-28T00:01:00.0000000Z,2016-07-07T23:59:00.0000000Z,523.937352332073,587.1670432486384,466.27279408825575,499.3654930490594
219,2016-07-08T00:00:00.0000000Z,2016-07-18T00:00:00.0000000Z,2016-07-08T00:01:00.0000000Z,2016-07-17T23:59:00.0000000Z,499.07261531035306,553.5105954337898,472.6481851254771,519.6445892935698
220,2016-07-18T00:00:00.0000000Z,2016-07-28T00:00:00.0000000Z,2016-07-18T00:01:00.0000000Z,2016-07-27T23:59:00.0000000Z,520.9558077489734,530.2310544208839,468.15046069260706,498.50702991669914
221,2016-07-28T00:00:00.0000000Z,2016-08-07T00:00:00.0000000Z,2016-07-28T00:01:00.0000000Z,2016-08-06T23:59:00.0000000Z,493.49071105237715,519.0455033264722,321.4120662190482,447.3057802723735
222,2016-08-07T00:00:00.0000000Z,2016-08-17T00:00:00.0000000Z,2016-08-07T00:01:00.0000000Z,2016-08-16T23:59:00.0000000Z,447.6089946815937,477.41097611365404,363.9468663976776,438.3618632050039
223,2016-08-17T00:00:00.0000000Z,2016-08-27T00:00:00.0000000Z,2016-08-17T00:01:00.0000000Z,2016-08-26T23:59:00.0000000Z,438.38099183720954,453.9028661856979,367.82544155448284,443.54794629267303
224,2016-08-27T00:00:00.0000000Z,2016-09-06T00:00:00.0000000Z,2016-08-27T00:01:00.0000000Z,2016-09-05T23:59:00.0000000Z,443.61299964927707,491.57695795002206,367.31571838152354,463.643006843682
225,2016-09-06T00:00:00.0000000Z,2016-09-16T00:00:00.0000000Z,2016-09-06T00:01:00.0000000Z,2016-09-15T23:59:00.0000000Z,462.84840838066856,490.9032002155619,317.61052343197395,463.0091961989929
226,2016-09-16T00:00:00.0000000Z,2016-09-26T00:00:00.0000000Z,2016-09-16T00:01:00.0000000Z,2016-09-25T23:59:00.0000000Z,465.9340611541877,480.92699530386983,362.7996164636301,457.7637170685709
227,2016-09-26T00:00:00.0000000Z,2016-10-06T00:00:00.0000000Z,2016-09-26T00:01:00.0000000Z,2016-10-05T23:59:00.0000000Z,458.2233494698915,481.80047851387576,369.84607913394547,467.91857711801987
228,2016-10-06T00:00:00.0000000Z,2016-10-16T00:00:00.0000000Z,2016-10-06T00:01:00.0000000Z,2016-10-15T23:59:00.0000000Z,467.66481385412953,556.5210934608142,317.2234908297373,489.07890285624404
229,2016-10-16T00:00:00.0000000Z,2016-10-26T00:00:00.0000000Z,2016-10-16T00:01:00.0000000Z,2016-10-25T23:59:00.0000000Z,494.69509206286807,539.6150127283556,298.3723319486138,497.12472527459556
230,2016-10-26T00:00:00.0000000Z,2016-11-05T00:00:00.0000000Z,2016-10-26T00:01:00.0000000Z,2016-11-04T23:59:00.0000000Z,495.4515594111951,586.9665607884896,446.0365769966201,536.3280525204578
231,2016-11-05T00:00:00.0000000Z,2016-11-15T00:00:00.0000000Z,2016-11-05T00:01:00.0000000Z,2016-11-14T23:59:00.0000000Z,538.2901650653685,625.016114043944,425.0576515019452,528.5452534971125
232,2016-11-15T00:00:00.0000000Z,2016-11-25T00:00:00.0000000Z,2016-11-15T00:01:00.0000000Z,2016-11-24T23:59:00.0000000Z,528.3747852562177,580.1967915844463,456.4148945134838,537.9875838026945
233,2016-11-25T00:00:00.0000000Z,2016-12-05T00:00:00.0000000Z,2016-11-25T00:01:00.0000000Z,2016-12-04T23:59:00.0000000Z,538.8572609967807,572.4942348482924,347.73629491874505,534.5323487684569
234,2016-12-05T00:00:00.0000000Z,2016-12-15T00:00:00.0000000Z,2016-12-05T00:01:00.0000000Z,2016-12-14T23:59:00.0000000Z,536.0839676319914,604.8408746362246,337.1787094630863,564.6502990265391
235,2016-12-15T00:00:00.0000000Z,2016-12-25T00:00:00.0000000Z,2016-12-15T00:01:00.0000000Z,2016-12-24T23:59:00.0000000Z,564.4878044753133,677.4959127574144,547.0123994184761,643.8119155516334
236,2016-12-25T00:00:00.0000000Z,2017-01-04T00:00:00.0000000Z,2016-12-25T00:01:00.0000000Z,2017-01-03T23:59:00.0000000Z,644.3623960947572,768.244076772743,570.2685121095657,748.5147804925214
237,2017-01-04T00:00:00.0000000Z,2017-01-14T00:00:00.0000000Z,2017-01-04T00:01:00.0000000Z,2017-01-13T23:59:00.0000000Z,745.8128480888364,845.0320215604987,497.8877071094971,607.6936140264012
238,2017-01-14T00:00:00.0000000Z,2017-01-24T00:00:00.0000000Z,2017-01-14T00:01:00.0000000Z,2017-01-23T23:59:00.0000000Z,606.0475712631446,693.9880789164904,547.6698267272628,658.9775478979728
239,2017-01-24T00:00:00.0000000Z,2017-02-03T00:00:00.0000000Z,2017-01-24T00:01:00.0000000Z,2017-02-02T23:59:00.0000000Z,649.7385705301028,756.9583452155541,491.2872294862959,723.149496479907
240,2017-02-03T00:00:00.0000000Z,2017-02-13T00:00:00.0000000Z,2017-02-03T00:01:00.0000000Z,2017-02-12T23:59:00.0000000Z,722.8054387363237,812.6526126455052,618.9425949041037,716.6285827193258
241,2017-02-13T00:00:00.0000000Z,2017-02-23T00:00:00.0000000Z,2017-02-13T00:01:00.0000000Z,2017-02-22T23:59:00.0000000Z,718.3436555404543,828.0600107541353,652.9917008394435,797.7484106213096
242,2017-02-23T00:00:00.0000000Z,2017-03-05T00:00:00.0000000Z,2017-02-23T00:01:00.0000000Z,2017-03-04T23:59:00.0000000Z,800.1243792013717,944.650650349821,649.932099888844,922.0178093086586
243,2017-03-05T00:00:00.0000000Z,2017-03-15T00:00:00.0000000Z,2017-03-05T00:01:00.0000000Z,2017-03-14T23:59:00.0000000Z,920.1286553058867,1001.059470043429,668.4610997151435,923.7772801186666
244,2017-03-15T00:00:00.0000000Z,2017-03-25T00:00:00.0000000Z,2017-03-15T00:01:00.0000000Z,2017-03-24T23:59:00.0000000Z,924.2148669312562,1055.1806303810095,649.5931310917194,695.4130165268614
245,2017-03-25T00:00:00.0000000Z,2017-04-04T00:00:00.0000000Z,2017-03-25T00:01:00.0000000Z,2017-04-03T23:59:00.0000000Z,695.3303368036577,883.740847663848,641.8745013209076,866.8712127297981
246,2017-04-04T00:00:00.0000000Z,2017-04-14T00:00:00.0000000Z,2017-04-04T00:01:00.0000000Z,2017-04-13T23:59:00.0000000Z,865.7488615248723,947.567580383569,777.9344940945492,879.2215251210635
247,2017-04-14T00:00:00.0000000Z,2017-04-24T00:00:00.0000000Z,2017-04-14T00:01:00.0000000Z,2017-04-23T23:59:00.0000000Z,877.5003389855857,977.8962875254826,596.2917597584068,944.7288462071474
248,2017-04-24T00:00:00.0000000Z,2017-05-04T00:00:00.0000000Z,2017-04-24T00:01:00.0000000Z,2017-05-03T23:59:00.0000000Z,946.2858084474045,1174.6404657694782,926.8248863991163,1167.5399513177088
249,2017-05-04T00:00:00.0000000Z,2017-05-14T00:00:00.0000000Z,2017-05-04T00:01:00.0000000Z,2017-05-13T23:59:00.0000000Z,1166.8694475610378,1463.2529448089656,1097.3014765378791,1349.4910733781298
250,2017-05-14T00:00:00.0000000Z,2017-05-24T00:00:00.0000000Z,2017-05-14T00:01:00.0000000Z,2017-05-23T23:59:00.0000000Z,1342.9754678674963,1750.3318688648149,1259.762879940824,1733.0789211031708
251,2017-05-24T00:00:00.0000000Z,2017-06-03T00:00:00.0000000Z,2017-05-24T00:01:00.0000000Z,2017-06-02T23:59:00.0000000Z,1736.542115548887,2196.9808913793518,1421.440871926024,1913.6358409362929
252,2017-06-03T00:00:00.0000000Z,2017-06-13T00:00:00.0000000Z,2017-06-03T00:01:00.0000000Z,2017-06-12T23:59:00.0000000Z,1898.9390501512578,2326.1873639268147,1846.7691530973996,2054.7880866100268
253,2017-06-13T00:00:00.0000000Z,2017-06-23T00:00:00.0000000Z,2017-06-13T00:01:00.0000000Z,2017-06-22T23:59:00.0000000Z,2046.3204095155131,2257.3940762886414,1600.9235510565597,2136.223955118926
254,2017-06-23T00:00:00.0000000Z,2017-07-03T00:00:00.0000000Z,2017-06-23T00:01:00.0000000Z,2017-07-02T23:59:00.0000000Z,2128.069830050417,2358.6344264168997,1690.64803854166,1963.4872018153203
255,2017-07-03T00:00:00.0000000Z,2017-07-13T00:00:00.0000000Z,2017-07-03T00:01:00.0000000Z,2017-07-12T23:59:00.0000000Z,1966.798201913054,2130.337616110235,1717.2166391660896,1853.4734739694768
256,2017-07-13T00:00:00.0000000Z,2017-07-23T00:00:00.0000000Z,2017-07-13T00:01:00.0000000Z,2017-07-22T23:59:00.0000000Z,1851.486351831998,2422.4295188028786,1325.8236126111694,2206.485077217188
257,2017-07-23T00:00:00.0000000Z,2017-08-02T00:00:00.0000000Z,2017-07-23T00:01:00.0000000Z,2017-08-01T23:59:00.0000000Z,2208.1819486504646,2399.5660430463317,1816.3983579704325,2083.3146292286547
258,2017-08-02T00:00:00.0000000Z,2017-08-12T00:00:00.0000000Z,2017-08-02T00:01:00.0000000Z,2017-08-11T23:59:00.0000000Z,2087.5652635682827,2938.030368312366,2012.3176340550026,2820.3184034684245
259,2017-08-12T00:00:00.0000000Z,2017-08-22T00:00:00.0000000Z,2017-08-12T00:01:00.0000000Z,2017-08-21T23:59:00.0000000Z,2824.730148300469,3572.5695352466328,2725.1544410540687,3093.5138265648925
260,2017-08-22T00:00:00.0000000Z,2017-09-01T00:00:00.0000000Z,2017-08-22T00:01:00.0000000Z,2017-08-31T23:59:00.0000000Z,3066.1540585784514,3778.8370729454796,2746.9077564874337,3746.2338661985264
261,2017-09-01T00:00:00.0000000Z,2017-09-11T00:00:00.0000000Z,2017-09-01T00:01:00.0000000Z,2017-09-10T23:59:00.0000000Z,3743.615984204335,3999.1410975943486,3172.1381357522064,3316.8873614625472
262,2017-09-11T00:00:00.0000000Z,2017-09-21T00:00:00.0000000Z,2017-09-11T00:01:00.0000000Z,2017-09-20T23:59:00.0000000Z,3309.685984440837,3746.5176190684992,2270.7333699926194,3035.370820350518
263,2017-09-21T00:00:00.0000000Z,2017-10-01T00:00:00.0000000Z,2017-09-21T00:01:00.0000000Z,2017-09-30T23:59:00.0000000Z,3049.767310717947,3854.9547215829352,2674.8714517620733,3718.391139624468
264,2017-10-01T00:00:00.0000000Z,2017-10-11T00:00:00.0000000Z,2017-10-01T00:01:00.0000000Z,2017-10-10T23:59:00.0000000Z,3629.1120024436264,4199.256304722253,3232.5989769387866,3765.8243421018124
265,2017-10-11T00:00:00.0000000Z,2017-10-21T00:00:00.0000000Z,2017-10-11T00:01:00.0000000Z,2017-10-20T23:59:00.0000000Z,3766.86345110313,4943.728569834462,3677.0130509013634,4783.400287840926
266,2017-10-21T00:00:00.0000000Z,2017-10-31T00:00:00.0000000Z,2017-10-21T00:01:00.0000000Z,2017-10-30T23:59:00.0000000Z,4793.504290122344,5248.071560915301,4241.767032923279,4964.143307606571
267,2017-10-31T00:00:00.0000000Z,2017-11-10T00:00:00.0000000Z,2017-10-31T00:01:00.0000000Z,2017-11-09T23:59:00.0000000Z,4960.0393474135935,6490.902184152602,4796.112255950096,5721.906633885058
268,2017-11-10T00:00:00.0000000Z,2017-11-20T00:00:00.0000000Z,2017-11-10T00:01:00.0000000Z,2017-11-19T23:59:00.0000000Z,5719.433465992087,6621.912742797951,4332.866599042866,6346.640731088261
269,2017-11-20T00:00:00.0000000Z,2017-11-30T00:00:00.0000000Z,2017-11-20T00:01:00.0000000Z,2017-11-29T23:59:00.0000000Z,6376.292651236846,9064.641336364164,5974.458738118797,7532.959485473443
270,2017-11-30T00:00:00.0000000Z,2017-12-10T00:00:00.0000000Z,2017-11-30T00:01:00.0000000Z,2017-12-09T23:59:00.0000000Z,7563.795100328769,13844.424462432535,6828.688193916957,11699.029923217722
271,2017-12-10T00:00:00.0000000Z,2017-12-20T00:00:00.0000000Z,2017-12-10T00:01:00.0000000Z,2017-12-19T23:59:00.0000000Z,11477.134757323836,15619.041107124332,10197.57634803244,13810.515305805407
272,2017-12-20T00:00:00.0000000Z,2017-12-30T00:00:00.0000000Z,2017-12-20T00:01:00.0000000Z,2017-12-29T23:59:00.0000000Z,13801.059375477389,14033.662890241245,8249.42737970967,11037.126165576927
273,2017-12-30T00:00:00.0000000Z,2018-01-09T00:00:00.0000000Z,2017-12-30T00:01:00.0000000Z,2018-01-08T23:59:00.0000000Z,10985.669208149859,13716.52897140618,9114.647621431814,11420.702607730584
274,2018-01-09T00:00:00.0000000Z,2018-01-19T00:00:00.0000000Z,2018-01-09T00:01:00.0000000Z,2018-01-18T23:59:00.0000000Z,11396.285945990994,11988.969916868546,6877.543414071203,8520.512069165901
275,2018-01-19T00:00:00.0000000Z,2018-01-29T00:00:00.0000000Z,2018-01-19T00:01:00.0000000Z,2018-01-28T23:59:00.0000000Z,8503.707080320894,10016.117617471775,7270.720862804529,8802.783139006468
276,2018-01-29T00:00:00.0000000Z,2018-02-08T00:00:00.0000000Z,2018-01-29T00:01:00.0000000Z,2018-02-07T23:59:00.0000000Z,8800.808809311398,9042.981967635675,4421.746917908084,5717.76682706249
277,2018-02-08T00:00:00.0000000Z,2018-02-18T00:00:00.0000000Z,2018-02-08T00:01:00.0000000Z,2018-02-17T23:59:00.0000000Z,5776.141747315714,8757.738543546307,5674.738198816706,8539.527723983834
